fantasy,romance,drama,Crime,mystery,comedy,documentary,sci-fi
Imagination,Love,Play,Offense,Enigma,Humor,Factual film,Speculative fiction
Reverie,Affection,Theater,Violation,Puzzle,Laughter,Non-fiction film,Futuristic fiction
Dream,Passion,stagecraft,Wrongdoing,Riddle,Hilarity,Real-life film,SF
Delusion,Amour,Acting,Misdeed,Secret,Amusement,Informational film,Space opera
Illusion,Intimacy,Theatrics,Felony,Puzzle,Farce,Expository film,Extraterrestrial fiction
Fable,Courtship,Show,Misdemeanor,Conundrum,Joke,Informative film,Techno-thriller
Fabrication,Devotion,Playacting,Transgression,Puzzle,Wit,Fact-based film,Cyberpunk
Invention,Infatuation,Performance,Lawbreaking,Puzzle,Satire,Reality film,Dystopian fiction
Whimsy,Sentiment,Stage production,Infraction,Problem,Parody,Docudrama,Utopian fiction
Enchantment,Tenderness,Playwrighting,Malfeasance,Puzzle,Jocularity,Docufiction,Time travel fiction
Hallucination,Attachment,Thespianism,Unlawful act,Anomaly,Fun,Historical record,Futurism
Vision,Fondness,Tragedy,Delinquency,Paradox,Entertainment,Non-fictional presentation,Post-apocalyptic fiction
Myth,Wooing,Comedy,Villainy,Enigma,Gaiety,Authentic account,Alternate history
Fairy,Endearment,Melodrama,Illegality,Clue,Mirth,Reportage,Hard science fiction
tale,Adoration,Spectacle,Infringement,Cryptogram,Levity,Chronicle,Soft science fiction
Phantasm,Admiration,Presentation,Offender,Dilemma,Laughs,True-life film,Space exploration fiction
Unrealism,Flirtation,Showmanship,Culprit,Puzzle,Comicality,Cinéma vérité,Alien fiction
Figment,Relationship,Production,Malefactor,Question,Lightheartedness,Verité film,Near-future fiction
Daydream,Closeness,boards,Perpetrator,Puzzle,Ridicule,Observational film,Biopunk
Magic,Emotion,footlights,Lawlessness,Problem,Banter,Testimonial film,Nanopunk
Romance,Affinity,stage,Sin,Puzzle,Jest,Newsreel,Steampunk